{
  "train_loss": [
    0.32785659553161983,
    0.22615675949330988,
    0.1999293037786566,
    0.19557738085759097,
    0.1998666032891849,
    0.1923671336523418,
    0.19069359721294765,
    0.18751725413162132,
    0.18527486104646634,
    0.17984762396021137,
    0.17878907308753195,
    0.17605046317752066,
    0.171920085711212,
    0.16785034787809028,
    0.16771257649464855,
    0.16959843270737548,
    0.16231349380365734,
    0.1578233283783855,
    0.1562643756383452,
    0.1558155581868928,
    0.1427548705311171,
    0.14056956960723319,
    0.139887691700253,
    0.13703684499166136,
    0.1376184812457911,
    0.13290243974790492,
    0.1342128359809004,
    0.13318734985358757,
    0.13244637490474973,
    0.13073100377644958
  ],
  "val_map": [
    0,
    0,
    0,
    0,
    0.8586282289479749,
    0.8586282289479749,
    0.8586282289479749,
    0.8586282289479749,
    0.8586282289479749,
    0.8961740893514885,
    0.8961740893514885,
    0.8961740893514885,
    0.8961740893514885,
    0.8961740893514885,
    0.9011240661917729,
    0.9011240661917729,
    0.9011240661917729,
    0.9011240661917729,
    0.9011240661917729,
    0.9045686436128195,
    0.9045686436128195,
    0.9045686436128195,
    0.9045686436128195,
    0.9045686436128195,
    0.9067506750471153,
    0.9067506750471153,
    0.9067506750471153,
    0.9067506750471153,
    0.9067506750471153,
    0.9058297790148603
  ],
  "val_precision": [
    0,
    0,
    0,
    0,
    0.3727810650860002,
    0.3727810650860002,
    0.3727810650860002,
    0.3727810650860002,
    0.3727810650860002,
    0.5019379844912604,
    0.5019379844912604,
    0.5019379844912604,
    0.5019379844912604,
    0.5019379844912604,
    0.5542553191430398,
    0.5542553191430398,
    0.5542553191430398,
    0.5542553191430398,
    0.5542553191430398,
    0.6151162790626149,
    0.6151162790626149,
    0.6151162790626149,
    0.6151162790626149,
    0.6151162790626149,
    0.7309292648997097,
    0.7309292648997097,
    0.7309292648997097,
    0.7309292648997097,
    0.7309292648997097,
    0.7066666666572444
  ],
  "val_recall": [
    0,
    0,
    0,
    0,
    0.9230769230600169,
    0.9230769230600169,
    0.9230769230600169,
    0.9230769230600169,
    0.9230769230600169,
    0.9487179487005729,
    0.9487179487005729,
    0.9487179487005729,
    0.9487179487005729,
    0.9487179487005729,
    0.9542124541949778,
    0.9542124541949778,
    0.9542124541949778,
    0.9542124541949778,
    0.9542124541949778,
    0.9688644688467241,
    0.9688644688467241,
    0.9688644688467241,
    0.9688644688467241,
    0.9688644688467241,
    0.9652014651837875,
    0.9652014651837875,
    0.9652014651837875,
    0.9652014651837875,
    0.9652014651837875,
    0.9706959706781924
  ]
}